duration,f1_mean,f2_mean,f3_mean,f4_mean,f1_median,f2_median,f3_median,f4_median
2.859297052154195,476.30808830802016,2588.2233809257114,2866.918656567191,3921.438054820138,463.3939728436583,2588.443263294618,2863.2050652695725,3899.309389670497
